metric,value
recommended_budget,10572625.524170619
expected_revenue,7670570.50790593
projected_roas,0.725512361179335
