channel,coefficient
Email,13085.936990462593
Organic,62542.052443237626
Referral,63055.12518422206
Search,138407.7786380452
Paid Social,175858.29761156163
